{
  "name": "Prometheus AlertManager",
  "id": "camptocamp-prometheus-alertmanager-datasource",
  "type": "datasource",

  "partials": {
    "config": "public/app/plugins/datasource/prometheus-alertmanager/partials/config.html"
  },

  "metrics": true,
  "annotations": false,

  "info": {
    "description": "Prometheus AlertManager Datasource",
    "author": {
      "name": "Camptocamp",
      "url": "https://camptocamp.com"
    },
    "links": [
      {"name": "Github", "url": "https://github.com/camptocamp/grafana-prometheus-alertmanager-datasource"},
      {"name": "Apache License 2.0", "url": "https://raw.githubusercontent.com/camptocamp/grafana-prometheus-alertmanager-datasource/master/LICENSE"}
    ],
    "version": "0.0.7",
    "updated": "2019-01-25"
  },
  "dependencies": {
    "grafanaVersion": "4.x.x",
    "plugins": []
  }
}
